{"score":1655,"_timestamp":1.7272735059445336e+09,"_runtime":8.225580387,"_step":999,"_wandb":{"runtime":8}}