{"avg_score":62.4,"_wandb":{"runtime":7},"_timestamp":1.7272740448686526e+09,"_runtime":7.606560256,"_step":48}