{"avg_score":300.8,"_timestamp":1.7272746074224734e+09,"_runtime":34.282440888,"_step":98,"_wandb":{"runtime":35}}