{"_step":98,"_wandb":{"runtime":221},"avg_score":287.55,"_timestamp":1.7272794125619338e+09,"_runtime":220.385483339}