{"avg_score":411.1,"_timestamp":1.7272800210270858e+09,"_runtime":36.029046023,"_step":53,"_wandb":{"runtime":36}}