{"_wandb":{"runtime":8},"avg_score":79.6,"_timestamp":1.7272738252729409e+09,"_runtime":7.756217982,"_step":48}