{"_wandb":{"runtime":5},"_runtime":5.6609139729999995,"_step":98,"avg_score":18.55,"_timestamp":1.727274649562934e+09}