{"_timestamp":1.7272744359181705e+09,"_runtime":23.237806509,"_wandb":{"runtime":23},"_step":1290,"avg_score":2264}