{"_step":48,"avg_score":169.35,"_timestamp":1.7272741271404624e+09,"_wandb":{"runtime":11},"_runtime":11.020345489}