{"_timestamp":1.7272799796364927e+09,"_runtime":219.922353645,"_step":85,"_wandb":{"runtime":220},"avg_score":170.8}