{"_step":98,"_wandb":{"runtime":42},"avg_score":351.45,"_timestamp":1.7272747586365726e+09,"_runtime":41.725732704}