{"_wandb":{"runtime":4},"_timestamp":1.7272800619085433e+09,"_runtime":4.717339766,"_step":24,"avg_score":102.9}