{"_timestamp":1.727273623220297e+09,"_runtime":9.628997841,"_step":999,"avg_score":108.85,"_wandb":{"runtime":9}}